<?xml version="1.0" encoding="UTF-8"?>
<project-private xmlns="http://www.netbeans.org/ns/project-private/1">
    <editor-bookmarks xmlns="http://www.netbeans.org/ns/editor-bookmarks/2" lastBookmarkId="0"/>
    <open-files xmlns="http://www.netbeans.org/ns/projectui-open-files/2">
        <group>
            <file>file:/C:/Users/Blake/Desktop/CSC/CSC%20145/Final_Project_Frame/src/FranklinSkateboardMaster.png</file>
            <file>file:/C:/Users/Blake/Desktop/CSC/CSC%20145/Final_Project_Frame/src/Frame.java</file>
        </group>
    </open-files>
</project-private>
